QNAME,QDATU,HOUR,FLOW,FLOOR,LINES_PICKED,ITEMS_PICKED,WEIGHT_PICKED,RATIO,EFFORT,PRODUCTIVITY,WEIGHT_INTENSITY,ITEM_INTENSITY
ABDELC2,2026-02-26,16,B-flow,first_floor,4,55,4.7,13.75,1.0,4.0,2.54,6.09
ABDELC2,2026-02-26,17,A-flow,first_floor,1,1,3.6,1.0,0.38,2.67,2.65,0.49
ABDELC2,2026-02-26,17,B-flow,first_floor,32,90,15.83,2.81,0.38,85.33,1.07,1.25
BAJAMA2,2026-02-26,15,B-flow,first_floor,3,3,2.17,1.0,1.0,3.0,1.57,0.44
BAJAMA2,2026-02-26,16,B-flow,first_floor,11,11,7.6,1.0,1.0,11.0,1.5,0.44
BAKUTV2,2026-02-26,13,B-flow,first_floor,73,279,29.96,3.82,0.75,97.33,0.89,1.69
BAKUTV2,2026-02-26,14,B-flow,first_floor,76,76,27.57,1.0,1.0,76.0,0.79,0.44
BAKUTV2,2026-02-26,15,B-flow,ground_floor,56,56,54.03,1.0,1.0,56.0,0.6,0.85
BAKUTV2,2026-02-26,16,B-flow,ground_floor,68,68,98.18,1.0,1.0,68.0,0.9,0.85
BAKUTV2,2026-02-26,17,B-flow,ground_floor,85,85,90.71,1.0,0.75,113.33,0.67,0.85
BAKUTV2,2026-02-26,18,B-flow,ground_floor,31,35,57.65,1.13,1.0,31.0,1.16,0.96
BAKUTV2,2026-02-26,19,B-flow,ground_floor,92,92,63.59,1.0,0.5,184.0,0.43,0.85
BAKUTV2,2026-02-26,20,B-flow,ground_floor,107,107,70.67,1.0,1.0,107.0,0.41,0.85
BAKUTV2,2026-02-26,21,B-flow,ground_floor,72,80,93.3,1.11,0.75,96.0,0.81,0.94
BAKUTV2,2026-02-26,22,B-flow,ground_floor,79,79,78.66,1.0,1.0,79.0,0.62,0.85
BAKUTV2,2026-02-26,23,B-flow,ground_floor,13,13,28.87,1.0,1.0,13.0,1.39,0.85
BOBIAI2,2026-02-26,15,B-flow,ground_floor,20,20,35.5,1.0,1.0,20.0,1.11,0.85
BOBIAI2,2026-02-26,17,B-flow,ground_floor,23,23,23.3,1.0,0.75,30.67,0.63,0.85
BOBIAI2,2026-02-26,18,B-flow,ground_floor,50,50,62.69,1.0,1.0,50.0,0.78,0.85
BOBIAI2,2026-02-26,19,B-flow,ground_floor,8,8,29.15,1.0,0.5,16.0,2.27,0.85
BOBIAI2,2026-02-26,20,B-flow,ground_floor,50,165,67.36,3.3,1.0,50.0,0.84,2.79
BOBIAI2,2026-02-26,21,B-flow,ground_floor,17,17,42.49,1.0,0.75,22.67,1.56,0.85
BODNAA2,2026-02-26,7,B-flow,first_floor,87,171,34.64,1.97,1.0,87.0,0.86,0.87
BODNAA2,2026-02-26,8,B-flow,first_floor,4,4,1.38,1.0,1.0,4.0,0.75,0.44
BOIARR2,2026-02-26,15,A-flow,first_floor,32,34,16.8,1.06,1.0,32.0,0.39,0.52
BOIARR2,2026-02-26,16,A-flow,first_floor,34,177,33.28,5.21,1.0,34.0,0.72,2.57
BOIARR2,2026-02-26,17,A-flow,first_floor,31,69,24.64,2.23,0.75,41.33,0.59,1.1
BOIARR2,2026-02-26,18,A-flow,first_floor,47,55,30.85,1.17,1.0,47.0,0.48,0.58
BOIARR2,2026-02-26,19,A-flow,first_floor,8,112,8.67,14.0,0.5,16.0,0.8,6.91
BOIARR2,2026-02-26,20,A-flow,first_floor,56,56,36.01,1.0,1.0,56.0,0.47,0.49
BOIARR2,2026-02-26,21,A-flow,first_floor,13,13,14.7,1.0,0.75,17.33,0.83,0.49
BOIARR2,2026-02-26,22,A-flow,first_floor,69,73,39.75,1.06,1.0,69.0,0.42,0.52
BOIKOY2,2026-02-26,15,A-flow,ground_floor,48,48,94.08,1.0,1.0,48.0,0.47,0.85
BOIKOY2,2026-02-26,16,A-flow,ground_floor,98,98,171.74,1.0,1.0,98.0,0.42,0.85
BOIKOY2,2026-02-26,17,A-flow,ground_floor,24,24,38.89,1.0,0.75,32.0,0.39,0.85
BOIKOY2,2026-02-26,18,A-flow,ground_floor,16,16,29.93,1.0,1.0,16.0,0.45,0.85
BOIKOY2,2026-02-26,19,A-flow,ground_floor,68,68,133.28,1.0,0.5,136.0,0.47,0.85
BOIKOY2,2026-02-26,20,A-flow,ground_floor,92,92,180.32,1.0,1.0,92.0,0.47,0.85
BOIKOY2,2026-02-26,21,A-flow,ground_floor,16,16,31.36,1.0,0.75,21.33,0.47,0.85
BOIKOY2,2026-02-26,22,A-flow,ground_floor,70,70,137.2,1.0,1.0,70.0,0.47,0.85
BONDOA4,2026-02-26,8,A-flow,ground_floor,4,4,185.28,1.0,1.0,4.0,11.15,0.85
BONDOA4,2026-02-26,9,A-flow,ground_floor,6,6,277.92,1.0,0.5,12.0,11.15,0.85
BONDOA4,2026-02-26,9,B-flow,ground_floor,6,6,200.74,1.0,0.5,12.0,20.89,0.85
BONDOA4,2026-02-26,10,B-flow,ground_floor,19,55,206.0,2.89,0.75,25.33,6.77,2.45
BONDOA4,2026-02-26,11,B-flow,ground_floor,1,1,66.41,1.0,0.5,2.0,41.46,0.85
BONDOA4,2026-02-26,12,B-flow,ground_floor,4,5,101.88,1.25,1.0,4.0,15.9,1.06
BONDOA4,2026-02-26,13,A-flow,ground_floor,8,16,172.32,2.0,0.75,10.67,5.18,1.71
BONDOA4,2026-02-26,14,A-flow,ground_floor,4,8,114.88,2.0,0.5,8.0,6.91,1.71
BONDOA4,2026-02-26,14,B-flow,ground_floor,8,8,306.89,1.0,0.5,16.0,23.95,0.85
BONDOA4,2026-02-26,15,B-flow,ground_floor,15,30,37.22,2.0,1.0,15.0,1.55,1.69
CHALKA2,2026-02-26,14,B-flow,first_floor,43,93,16.28,2.16,1.0,43.0,0.82,0.96
CHALKA2,2026-02-26,15,B-flow,second_floor,36,36,17.11,1.0,1.0,36.0,0.79,0.56
CHALKA2,2026-02-26,16,B-flow,second_floor,1,1,0.25,1.0,1.0,1.0,0.42,0.56
CHALKA2,2026-02-26,17,B-flow,second_floor,27,27,9.44,1.0,0.75,36.0,0.58,0.56
CHALKA2,2026-02-26,18,B-flow,second_floor,59,85,26.55,1.44,1.0,59.0,0.75,0.81
CHALKA2,2026-02-26,20,A-flow,first_floor,12,12,26.59,1.0,0.5,24.0,1.63,0.49
CHALKA2,2026-02-26,20,B-flow,second_floor,60,60,34.07,1.0,0.5,120.0,0.95,0.56
CHALKA2,2026-02-26,21,A-flow,first_floor,26,26,27.1,1.0,0.75,34.67,0.77,0.49
CHALKA2,2026-02-26,22,A-flow,first_floor,20,20,42.6,1.0,1.0,20.0,1.57,0.49
CHERNP3,2026-02-26,7,B-flow,ground_floor,33,33,58.58,1.0,1.0,33.0,1.11,0.85
CIRHAM2,2026-02-26,7,B-flow,ground_floor,8,12,6.24,1.5,1.0,8.0,0.49,1.27
CIRHAM2,2026-02-26,8,B-flow,ground_floor,28,28,16.33,1.0,1.0,28.0,0.36,0.85
CIRHAM2,2026-02-26,9,B-flow,ground_floor,33,33,42.93,1.0,1.0,33.0,0.81,0.85
CIRHAM2,2026-02-26,10,B-flow,ground_floor,106,106,86.05,1.0,0.75,141.33,0.51,0.85
CIRHAM2,2026-02-26,11,B-flow,ground_floor,38,38,22.05,1.0,0.5,76.0,0.36,0.85
CIRHAM2,2026-02-26,12,B-flow,ground_floor,48,48,83.72,1.0,1.0,48.0,1.09,0.85
COSTAA21,2026-02-26,12,B-flow,first_floor,58,58,12.68,1.0,1.0,58.0,0.47,0.44
COSTAR9,2026-02-26,7,B-flow,ground_floor,90,90,33.26,1.0,1.0,90.0,0.23,0.85
COSTAR9,2026-02-26,8,B-flow,ground_floor,100,116,65.57,1.16,1.0,100.0,0.41,0.98
COSTAR9,2026-02-26,9,B-flow,ground_floor,51,51,55.14,1.0,1.0,51.0,0.67,0.85
COSTAR9,2026-02-26,10,B-flow,ground_floor,62,62,117.25,1.0,0.75,82.67,1.18,0.85
COSTAR9,2026-02-26,11,B-flow,ground_floor,34,34,11.33,1.0,0.5,68.0,0.21,0.85
COSTAR9,2026-02-26,12,B-flow,ground_floor,62,62,101.56,1.0,1.0,62.0,1.02,0.85
COSTAR9,2026-02-26,13,B-flow,ground_floor,42,74,76.41,1.76,0.75,56.0,1.14,1.49
COSTAR9,2026-02-26,14,B-flow,ground_floor,37,37,79.14,1.0,1.0,37.0,1.34,0.85
COSTAR9,2026-02-26,15,B-flow,ground_floor,6,6,2.63,1.0,1.0,6.0,0.27,0.85
DAUJOA2,2026-02-26,15,B-flow,second_floor,46,88,22.68,1.91,1.0,46.0,0.82,1.08
DAUJOA2,2026-02-26,16,B-flow,second_floor,40,44,23.6,1.1,1.0,40.0,0.98,0.62
DAUJOA2,2026-02-26,17,B-flow,second_floor,65,79,26.13,1.22,0.75,86.67,0.67,0.69
DAUJOA2,2026-02-26,18,B-flow,second_floor,36,40,14.11,1.11,1.0,36.0,0.65,0.63
DAUJOA2,2026-02-26,19,B-flow,second_floor,20,20,6.48,1.0,0.5,40.0,0.54,0.56
DAUJOA2,2026-02-26,20,B-flow,second_floor,12,12,12.01,1.0,1.0,12.0,1.67,0.56
DRAPAK2,2026-02-26,15,B-flow,second_floor,67,155,39.66,2.31,1.0,67.0,0.99,1.3
DRAPAK2,2026-02-26,16,B-flow,second_floor,92,113,58.81,1.23,1.0,92.0,1.07,0.69
DRAPAK2,2026-02-26,17,B-flow,second_floor,69,73,21.65,1.06,0.75,92.0,0.52,0.6
DRAPAK2,2026-02-26,18,B-flow,second_floor,62,62,17.91,1.0,1.0,62.0,0.48,0.56
DRAPAK2,2026-02-26,19,B-flow,second_floor,11,11,3.83,1.0,0.5,22.0,0.58,0.56
DRAPAK2,2026-02-26,20,B-flow,second_floor,70,78,27.06,1.11,1.0,70.0,0.64,0.63
DRAPAK2,2026-02-26,21,B-flow,second_floor,30,127,24.38,4.23,0.75,40.0,1.35,2.39
DRAPAK2,2026-02-26,22,B-flow,second_floor,33,131,33.84,3.97,1.0,33.0,1.71,2.24
DVORST2,2026-02-26,7,B-flow,first_floor,59,307,47.82,5.2,1.0,59.0,1.76,2.31
DVORST2,2026-02-26,16,B-flow,first_floor,11,11,4.87,1.0,1.0,11.0,0.96,0.44
DVORST2,2026-02-26,17,B-flow,first_floor,71,71,20.0,1.0,0.75,94.67,0.61,0.44
DVORST2,2026-02-26,18,B-flow,first_floor,38,57,40.85,1.5,1.0,38.0,2.33,0.66
DZIEDM2,2026-02-26,15,B-flow,second_floor,35,110,31.95,3.14,1.0,35.0,1.52,1.77
DZIEDM2,2026-02-26,16,B-flow,second_floor,47,99,27.55,2.11,1.0,47.0,0.98,1.19
DZIEDM2,2026-02-26,17,B-flow,second_floor,55,63,17.09,1.15,0.75,73.33,0.52,0.65
DZIEDM2,2026-02-26,18,B-flow,second_floor,74,78,25.42,1.05,1.0,74.0,0.57,0.59
DZIEDM2,2026-02-26,19,B-flow,second_floor,14,16,5.12,1.14,0.5,28.0,0.61,0.64
DZIEDM2,2026-02-26,20,B-flow,second_floor,105,235,40.84,2.24,1.0,105.0,0.65,1.26
DZIEDM2,2026-02-26,21,B-flow,second_floor,29,33,17.83,1.14,0.75,38.67,1.02,0.64
DZIEDM2,2026-02-26,22,B-flow,second_floor,153,215,92.97,1.41,1.0,153.0,1.01,0.79
ELASHA2,2026-02-26,7,B-flow,first_floor,89,107,37.32,1.2,1.0,89.0,0.91,0.53
ELASHA2,2026-02-26,8,B-flow,first_floor,97,177,33.4,1.82,1.0,97.0,0.75,0.81
ELASHA2,2026-02-26,9,B-flow,first_floor,65,161,19.67,2.48,1.0,65.0,0.66,1.1
ELASHA2,2026-02-26,10,B-flow,first_floor,71,86,26.83,1.21,0.75,94.67,0.82,0.54
ELASHA2,2026-02-26,11,B-flow,first_floor,55,55,13.13,1.0,0.5,110.0,0.52,0.44
ELASHA2,2026-02-26,12,B-flow,first_floor,101,233,46.15,2.31,1.0,101.0,0.99,1.02
ELASHA2,2026-02-26,13,B-flow,first_floor,61,66,21.2,1.08,0.75,81.33,0.75,0.48
ELASHA2,2026-02-26,14,B-flow,first_floor,92,313,43.72,3.4,1.0,92.0,1.03,1.51
ELASHA2,2026-02-26,15,B-flow,first_floor,18,81,11.46,4.5,1.0,18.0,1.38,1.99
EMMANA3,2026-02-26,11,B-flow,first_floor,23,23,9.38,1.0,0.5,46.0,0.88,0.44
EMMANA3,2026-02-26,12,B-flow,first_floor,84,162,57.05,1.93,1.0,84.0,1.47,0.85
EMMANA3,2026-02-26,13,B-flow,first_floor,50,50,12.91,1.0,0.75,66.67,0.56,0.44
EMMANO3,2026-02-26,6,B-flow,first_floor,6,6,1.72,1.0,1.0,6.0,0.62,0.44
EMMANO3,2026-02-26,7,B-flow,first_floor,134,402,61.65,3.0,1.0,134.0,1.0,1.33
EMMANO3,2026-02-26,8,B-flow,first_floor,15,15,5.16,1.0,1.0,15.0,0.75,0.44
EMMANO3,2026-02-26,12,B-flow,first_floor,78,156,31.28,2.0,1.0,78.0,0.87,0.89
EMMANO3,2026-02-26,13,B-flow,first_floor,61,130,32.54,2.13,0.75,81.33,1.16,0.94
EMMANO3,2026-02-26,14,B-flow,first_floor,27,51,9.04,1.89,1.0,27.0,0.73,0.84
FIRKOA2,2026-02-26,15,B-flow,first_floor,87,979,44.71,11.25,1.0,87.0,1.11,4.99
FIRKOA2,2026-02-26,16,B-flow,first_floor,141,338,41.57,2.4,1.0,141.0,0.64,1.06
FIRKOA2,2026-02-26,17,B-flow,first_floor,73,73,38.78,1.0,0.75,97.33,1.15,0.44
FIRKOA2,2026-02-26,18,B-flow,first_floor,97,103,27.02,1.06,1.0,97.0,0.6,0.47
FIRKOA2,2026-02-26,19,B-flow,first_floor,43,43,23.56,1.0,0.5,86.0,1.19,0.44
FIRKOA2,2026-02-26,20,A-flow,first_floor,31,31,68.7,1.0,0.5,62.0,1.63,0.49
FIRKOA2,2026-02-26,20,B-flow,first_floor,43,117,19.15,2.72,0.5,86.0,0.96,1.21
FIRKOA2,2026-02-26,21,A-flow,first_floor,27,62,46.21,2.3,0.75,36.0,1.26,1.13
FIRKOA2,2026-02-26,22,A-flow,first_floor,48,56,57.2,1.17,0.33,144.0,0.88,0.58
FIRKOA2,2026-02-26,22,B-flow,first_floor,18,22,5.54,1.22,0.33,54.0,0.67,0.54
FIRKOA2,2026-02-26,22,unknown_flow,first_floor,3,3,0.58,1.0,0.33,9.0,0.29,0.1
FIRKOA2,2026-02-26,23,A-flow,first_floor,10,10,3.49,1.0,1.0,10.0,0.26,0.49
FLAKSD2,2026-02-26,8,B-flow,second_floor,11,11,14.78,1.0,1.0,11.0,2.24,0.56
FLAKSD2,2026-02-26,9,B-flow,second_floor,34,59,22.68,1.74,1.0,34.0,1.11,0.98
FLAKSD2,2026-02-26,10,B-flow,second_floor,87,146,43.18,1.68,0.38,232.0,0.83,0.95
FLAKSD2,2026-02-26,10,unknown_flow,second_floor,2,2,0.71,1.0,0.38,5.33,0.6,0.65
FLAKSD2,2026-02-26,12,B-flow,second_floor,41,77,22.33,1.88,1.0,41.0,0.91,1.06
FLAKSD2,2026-02-26,13,B-flow,second_floor,33,39,10.33,1.18,0.75,44.0,0.52,0.67
FLAKSD2,2026-02-26,14,B-flow,second_floor,60,86,26.2,1.43,1.0,60.0,0.73,0.81
FLAKSD2,2026-02-26,15,B-flow,second_floor,16,20,10.14,1.25,1.0,16.0,1.06,0.7
FURMAE2,2026-02-26,9,B-flow,second_floor,7,7,8.71,1.0,1.0,7.0,2.07,0.56
FURMAE2,2026-02-26,10,B-flow,second_floor,22,53,13.27,2.41,0.75,29.33,1.01,1.36
FURMAE2,2026-02-26,11,B-flow,second_floor,12,24,11.92,2.0,0.5,24.0,1.65,1.13
FURMAE2,2026-02-26,12,B-flow,second_floor,43,101,27.74,2.35,1.0,43.0,1.07,1.32
FURMAE2,2026-02-26,14,B-flow,second_floor,29,31,12.2,1.07,1.0,29.0,0.7,0.6
FURMAE2,2026-02-26,15,B-flow,second_floor,30,37,8.11,1.23,1.0,30.0,0.45,0.7
FURMAE2,2026-02-26,16,B-flow,second_floor,17,17,5.82,1.0,1.0,17.0,0.57,0.56
FURMAE2,2026-02-26,17,B-flow,second_floor,15,53,11.8,3.53,0.75,20.0,1.31,1.99
GAMBIA3,2026-02-26,7,A-flow,first_floor,26,73,56.56,2.81,1.0,26.0,1.6,1.39
GAMBIA3,2026-02-26,8,A-flow,first_floor,45,74,36.44,1.64,1.0,45.0,0.6,0.81
GAMBIA3,2026-02-26,9,A-flow,first_floor,50,50,69.67,1.0,1.0,50.0,1.03,0.49
GAMBIA3,2026-02-26,10,A-flow,first_floor,45,45,75.39,1.0,0.75,60.0,1.23,0.49
GAMBIA3,2026-02-26,11,A-flow,first_floor,12,12,23.95,1.0,0.5,24.0,1.47,0.49
GAMBIA3,2026-02-26,12,A-flow,first_floor,15,15,34.88,1.0,1.0,15.0,1.71,0.49
GAMBIA3,2026-02-26,13,A-flow,first_floor,16,65,46.15,4.06,0.75,21.33,2.12,2.01
GAMBIA3,2026-02-26,14,A-flow,first_floor,43,174,61.02,4.05,1.0,43.0,1.04,2.0
GAMBIA3,2026-02-26,15,A-flow,first_floor,17,17,26.19,1.0,1.0,17.0,1.13,0.49
GHAMIR2,2026-02-26,7,B-flow,ground_floor,56,56,92.49,1.0,1.0,56.0,1.03,0.85
GHAMIR2,2026-02-26,8,B-flow,ground_floor,42,42,48.72,1.0,1.0,42.0,0.72,0.85
GRYGOA3,2026-02-26,7,A-flow,first_floor,42,119,22.71,2.83,1.0,42.0,0.4,1.4
GRYGOA3,2026-02-26,8,A-flow,first_floor,39,70,29.54,1.79,1.0,39.0,0.56,0.89
GRYGOA3,2026-02-26,9,A-flow,first_floor,24,92,30.17,3.83,1.0,24.0,0.93,1.89
GRYGOA3,2026-02-26,10,A-flow,first_floor,35,35,46.38,1.0,0.75,46.67,0.98,0.49
GRYGOA3,2026-02-26,11,A-flow,first_floor,12,12,2.46,1.0,0.5,24.0,0.15,0.49
GRYGOA3,2026-02-26,12,A-flow,first_floor,22,22,44.77,1.0,1.0,22.0,1.5,0.49
GRYGOA3,2026-02-26,13,A-flow,first_floor,32,32,41.02,1.0,0.75,42.67,0.94,0.49
GRYGOA3,2026-02-26,14,A-flow,first_floor,22,33,26.05,1.5,1.0,22.0,0.87,0.74
GRYGOA3,2026-02-26,15,A-flow,first_floor,3,3,8.88,1.0,1.0,3.0,2.18,0.49
HRLINOUB10,2026-02-26,17,A-flow,first_floor,1,12,5.0,12.0,0.75,1.33,3.68,5.92
HRLINOUB10,2026-02-26,18,A-flow,first_floor,25,135,44.28,5.4,1.0,25.0,1.3,2.67
HRLINOUB10,2026-02-26,19,A-flow,first_floor,19,19,28.45,1.0,0.5,38.0,1.1,0.49
HRLINOUB10,2026-02-26,20,A-flow,first_floor,26,37,39.06,1.42,1.0,26.0,1.11,0.7
HRLINOUB10,2026-02-26,21,A-flow,first_floor,9,9,5.0,1.0,0.75,12.0,0.41,0.49
HRLINOUB47,2026-02-26,15,A-flow,first_floor,28,104,31.13,3.71,1.0,28.0,0.82,1.83
HRLINOUB47,2026-02-26,16,A-flow,first_floor,30,251,79.41,8.37,1.0,30.0,1.95,4.13
HRLINOUB47,2026-02-26,17,A-flow,first_floor,14,147,33.1,10.5,0.75,18.67,1.74,5.18
HRLINOUB47,2026-02-26,18,A-flow,first_floor,23,23,64.62,1.0,1.0,23.0,2.07,0.49
HRLINOUB47,2026-02-26,19,A-flow,first_floor,27,93,29.2,3.44,0.5,54.0,0.8,1.7
HRLINOUB47,2026-02-26,20,A-flow,first_floor,41,41,30.09,1.0,1.0,41.0,0.54,0.49
HRLINOUB47,2026-02-26,21,A-flow,first_floor,39,134,29.52,3.44,0.75,52.0,0.56,1.7
HRLINOUB47,2026-02-26,22,A-flow,first_floor,44,200,51.62,4.55,1.0,44.0,0.86,2.24
HRLOUB21,2026-02-26,12,B-flow,first_floor,13,13,2.42,1.0,1.0,13.0,0.4,0.44
HRLOUB21,2026-02-26,13,B-flow,first_floor,82,130,24.93,1.59,0.75,109.33,0.66,0.7
HRLOUB21,2026-02-26,14,B-flow,first_floor,34,43,20.54,1.26,1.0,34.0,1.31,0.56
HRLOUB21,2026-02-26,15,B-flow,first_floor,11,12,8.06,1.09,1.0,11.0,1.59,0.48
HRLOUB211,2026-02-26,7,A-flow,first_floor,16,16,18.18,1.0,1.0,16.0,0.84,0.49
HRLOUB27,2026-02-26,9,B-flow,first_floor,10,10,2.52,1.0,1.0,10.0,0.55,0.44
HRLOUB53,2026-02-26,16,B-flow,first_floor,53,53,14.15,1.0,1.0,53.0,0.58,0.44
HRLOUB53,2026-02-26,17,B-flow,first_floor,53,53,11.89,1.0,0.75,70.67,0.49,0.44
HRLOUB53,2026-02-26,18,B-flow,first_floor,30,161,12.68,5.37,1.0,30.0,0.92,2.38
HRLOUB53,2026-02-26,19,B-flow,first_floor,44,86,12.97,1.95,0.5,88.0,0.64,0.87
HRLOUB53,2026-02-26,20,B-flow,first_floor,69,213,40.45,3.09,1.0,69.0,1.27,1.37
HRLOUB53,2026-02-26,21,B-flow,first_floor,39,48,20.08,1.23,0.75,52.0,1.12,0.55
HRLOUB53,2026-02-26,22,B-flow,first_floor,52,124,38.68,2.38,1.0,52.0,1.61,1.06
HRLOUB53,2026-02-26,23,B-flow,first_floor,7,62,5.65,8.86,1.0,7.0,1.75,3.92
HRUSHA2,2026-02-26,12,A-flow,second_floor,4,4,11.36,1.0,1.0,4.0,5.22,0.77
HRYTSD2,2026-02-26,7,A-flow,first_floor,21,21,27.4,1.0,1.0,21.0,0.96,0.49
HRYTSD2,2026-02-26,8,A-flow,first_floor,44,117,51.64,2.66,1.0,44.0,0.86,1.31
HRYTSD2,2026-02-26,9,A-flow,first_floor,15,33,25.37,2.2,1.0,15.0,1.25,1.09
HRYTSD2,2026-02-26,10,A-flow,first_floor,55,55,67.52,1.0,0.75,73.33,0.9,0.49
HRYTSD2,2026-02-26,11,A-flow,first_floor,11,11,8.88,1.0,0.5,22.0,0.59,0.49
HRYTSD2,2026-02-26,12,A-flow,first_floor,26,26,59.92,1.0,1.0,26.0,1.7,0.49
HRYTSD2,2026-02-26,13,A-flow,first_floor,29,29,70.24,1.0,0.75,38.67,1.78,0.49
HRYTSD2,2026-02-26,14,A-flow,first_floor,28,34,49.74,1.21,1.0,28.0,1.31,0.6
HRYTSD2,2026-02-26,15,A-flow,first_floor,8,8,3.23,1.0,1.0,8.0,0.3,0.49
IACOBC2,2026-02-26,9,B-flow,first_floor,58,78,19.91,1.34,1.0,58.0,0.74,0.6
IACOBC2,2026-02-26,10,B-flow,first_floor,42,393,16.25,9.36,0.75,56.0,0.84,4.15
IACOBC2,2026-02-26,11,B-flow,first_floor,46,122,25.17,2.65,0.5,92.0,1.19,1.18
IACOBC2,2026-02-26,12,B-flow,first_floor,57,85,21.87,1.49,1.0,57.0,0.83,0.66
IACOBC2,2026-02-26,13,B-flow,first_floor,61,431,49.66,7.07,0.75,81.33,1.76,3.13
IACOBC2,2026-02-26,14,B-flow,first_floor,68,127,40.97,1.87,1.0,68.0,1.31,0.83
IACOBC2,2026-02-26,15,B-flow,first_floor,23,23,9.3,1.0,1.0,23.0,0.88,0.44
ILIEL3,2026-02-26,7,B-flow,second_floor,12,205,43.54,17.08,1.0,12.0,6.05,9.63
ILIEL3,2026-02-26,8,B-flow,second_floor,39,48,12.36,1.23,1.0,39.0,0.53,0.69
ILIEL3,2026-02-26,14,B-flow,second_floor,35,60,16.8,1.71,1.0,35.0,0.8,0.97
ILIEL3,2026-02-26,15,B-flow,second_floor,26,26,35.63,1.0,1.0,26.0,2.28,0.56
IORDAG2,2026-02-26,15,unknown_flow,second_floor,10,10,11.67,1.0,1.0,10.0,1.98,0.65
IORDAG2,2026-02-26,16,unknown_flow,ground_floor,1,1,3.96,1.0,1.0,1.0,3.34,0.87
IVANEA2,2026-02-26,20,B-flow,ground_floor,55,55,56.15,1.0,1.0,55.0,0.64,0.85
JASIUG2,2026-02-26,20,B-flow,second_floor,17,17,2.91,1.0,1.0,17.0,0.29,0.56
JASIUG2,2026-02-26,21,B-flow,second_floor,14,38,8.36,2.71,0.75,18.67,0.99,1.53
JASIUG2,2026-02-26,22,B-flow,second_floor,18,18,14.2,1.0,1.0,18.0,1.31,0.56
JASIUG2,2026-02-26,23,B-flow,second_floor,25,25,7.75,1.0,1.0,25.0,0.52,0.56
JERENS2,2026-02-26,7,B-flow,second_floor,67,253,47.84,3.78,1.0,67.0,1.19,2.13
JERENS2,2026-02-26,8,B-flow,second_floor,50,142,32.41,2.84,1.0,50.0,1.08,1.6
JERENS2,2026-02-26,9,B-flow,second_floor,43,126,36.5,2.93,1.0,43.0,1.41,1.65
JERENS2,2026-02-26,10,B-flow,second_floor,72,109,39.75,1.51,0.75,96.0,0.92,0.85
JERENS2,2026-02-26,11,B-flow,second_floor,24,32,37.8,1.33,0.5,48.0,2.62,0.75
JERENS2,2026-02-26,12,B-flow,second_floor,43,63,21.15,1.47,1.0,43.0,0.82,0.83
JERENS2,2026-02-26,13,B-flow,second_floor,42,46,22.85,1.1,0.75,56.0,0.91,0.62
JERENS2,2026-02-26,14,B-flow,second_floor,89,154,47.18,1.73,0.5,178.0,0.88,0.98
JERENS2,2026-02-26,14,unknown_flow,second_floor,1,1,0.26,1.0,0.5,2.0,0.45,0.65
KAZNOO2,2026-02-26,12,B-flow,first_floor,22,22,8.13,1.0,1.0,22.0,0.8,0.44
KAZNOO2,2026-02-26,13,B-flow,first_floor,55,82,18.81,1.49,0.75,73.33,0.74,0.66
KAZNOO2,2026-02-26,14,B-flow,first_floor,56,60,40.07,1.07,1.0,56.0,1.55,0.47
KAZNOO2,2026-02-26,15,B-flow,first_floor,9,106,2.84,11.78,1.0,9.0,0.68,5.22
KRAVCS2,2026-02-26,7,A-flow,second_floor,26,37,17.51,1.42,1.0,26.0,1.24,1.1
KRAVCS2,2026-02-26,8,A-flow,second_floor,84,119,75.58,1.42,1.0,84.0,1.65,1.09
KRAVCS2,2026-02-26,9,A-flow,second_floor,22,52,24.69,2.36,1.0,22.0,2.06,1.82
KRAVCS2,2026-02-26,10,A-flow,second_floor,59,59,36.88,1.0,0.75,78.67,1.15,0.77
KRAVCS2,2026-02-26,11,A-flow,second_floor,4,4,3.71,1.0,0.5,8.0,1.71,0.77
KRAVCS2,2026-02-26,12,A-flow,second_floor,49,66,18.73,1.35,1.0,49.0,0.7,1.04
KRAVCS2,2026-02-26,13,A-flow,second_floor,28,37,26.74,1.32,0.75,37.33,1.76,1.02
KRAVCS2,2026-02-26,14,A-flow,second_floor,68,68,30.45,1.0,1.0,68.0,0.82,0.77
KRAVCS2,2026-02-26,15,A-flow,second_floor,7,7,3.09,1.0,1.0,7.0,0.81,0.77
KRUMIK2,2026-02-26,15,B-flow,ground_floor,10,39,113.13,3.9,1.0,10.0,7.06,3.3
KRUMIK2,2026-02-26,16,B-flow,ground_floor,14,45,111.94,3.21,1.0,14.0,4.99,2.72
KRUMIK2,2026-02-26,18,B-flow,ground_floor,20,20,26.34,1.0,1.0,20.0,0.82,0.85
KRUMIK2,2026-02-26,19,B-flow,ground_floor,3,15,9.5,5.0,0.5,6.0,1.98,4.23
KRUMIK2,2026-02-26,20,A-flow,ground_floor,2,2,19.3,1.0,0.5,4.0,2.32,0.85
KRUMIK2,2026-02-26,20,B-flow,ground_floor,1,5,0.32,5.0,0.5,2.0,0.2,4.23
KRUMIK2,2026-02-26,22,B-flow,ground_floor,41,206,743.04,5.02,1.0,41.0,11.31,4.25
KRUMIV2,2026-02-26,7,B-flow,second_floor,64,381,58.82,5.95,1.0,64.0,1.53,3.36
KRUMIV2,2026-02-26,8,B-flow,second_floor,64,92,30.48,1.44,1.0,64.0,0.79,0.81
KRUMIV2,2026-02-26,9,B-flow,second_floor,74,222,42.4,3.0,1.0,74.0,0.95,1.69
KRUMIV2,2026-02-26,10,B-flow,second_floor,70,109,41.12,1.56,0.75,93.33,0.98,0.88
KRUMIV2,2026-02-26,11,B-flow,second_floor,9,12,11.25,1.33,0.5,18.0,2.08,0.75
KRUMIV2,2026-02-26,12,B-flow,second_floor,65,105,44.62,1.62,1.0,65.0,1.14,0.91
KRUMIV2,2026-02-26,13,B-flow,second_floor,22,22,9.72,1.0,0.75,29.33,0.74,0.56
KRUMIV2,2026-02-26,14,B-flow,second_floor,54,84,23.3,1.56,1.0,54.0,0.72,0.88
KRUMIV2,2026-02-26,15,B-flow,second_floor,17,44,11.94,2.59,1.0,17.0,1.17,1.46
KUPCZP2,2026-02-26,16,B-flow,second_floor,13,13,5.18,1.0,1.0,13.0,0.66,0.56
KUPCZP2,2026-02-26,17,B-flow,second_floor,73,73,26.46,1.0,0.75,97.33,0.6,0.56
KUPCZP2,2026-02-26,20,A-flow,first_floor,14,19,30.48,1.36,0.5,28.0,1.6,0.67
KUPCZP2,2026-02-26,20,B-flow,second_floor,15,15,13.9,1.0,0.5,30.0,1.54,0.56
KUPCZP2,2026-02-26,21,A-flow,first_floor,19,109,9.88,5.74,0.75,25.33,0.38,2.83
KUPCZP2,2026-02-26,22,A-flow,first_floor,55,119,29.9,2.16,0.5,110.0,0.4,1.07
KUPCZP2,2026-02-26,22,B-flow,first_floor,6,6,1.04,1.0,0.5,12.0,0.38,0.44
LAHODO2,2026-02-26,21,B-flow,second_floor,29,68,24.18,2.34,0.75,38.67,1.39,1.32
LAHODO2,2026-02-26,22,B-flow,second_floor,51,59,38.52,1.16,1.0,51.0,1.26,0.65
LAZICM2,2026-02-26,15,A-flow,ground_floor,14,14,14.62,1.0,1.0,14.0,0.25,0.85
LAZICM2,2026-02-26,16,A-flow,ground_floor,8,8,254.76,1.0,1.0,8.0,7.66,0.85
LAZICM2,2026-02-26,17,A-flow,ground_floor,4,5,147.24,1.25,0.75,5.33,8.86,1.07
LAZICM2,2026-02-26,18,A-flow,ground_floor,15,108,50.12,7.2,1.0,15.0,0.8,6.15
LAZICM2,2026-02-26,19,A-flow,ground_floor,2,12,14.0,6.0,0.5,4.0,1.68,5.12
LAZICM2,2026-02-26,20,A-flow,ground_floor,22,70,182.15,3.18,1.0,22.0,1.99,2.72
LAZICM2,2026-02-26,21,A-flow,ground_floor,6,12,229.76,2.0,0.75,8.0,9.22,1.71
LAZICM2,2026-02-26,22,A-flow,ground_floor,23,46,639.02,2.0,1.0,23.0,6.69,1.71
LILAIA2,2026-02-26,15,B-flow,ground_floor,3,3,2.82,1.0,1.0,3.0,0.59,0.85
LILAIA2,2026-02-26,16,B-flow,ground_floor,4,4,1.42,1.0,1.0,4.0,0.22,0.85
LILAIA2,2026-02-26,17,B-flow,ground_floor,18,18,28.84,1.0,0.75,24.0,1.0,0.85
LILAIA2,2026-02-26,18,B-flow,ground_floor,24,24,23.37,1.0,1.0,24.0,0.61,0.85
LILAIA2,2026-02-26,20,B-flow,ground_floor,40,40,23.77,1.0,1.0,40.0,0.37,0.85
LILAIA2,2026-02-26,21,B-flow,ground_floor,46,46,39.42,1.0,0.75,61.33,0.53,0.85
LILAIA2,2026-02-26,22,B-flow,ground_floor,64,64,34.94,1.0,1.0,64.0,0.34,0.85
LOPSZB2,2026-02-26,15,A-flow,ground_floor,32,32,62.72,1.0,1.0,32.0,0.47,0.85
LOPSZB2,2026-02-26,16,A-flow,ground_floor,28,28,40.8,1.0,1.0,28.0,0.35,0.85
LOPSZB2,2026-02-26,17,A-flow,ground_floor,19,19,39.52,1.0,0.75,25.33,0.5,0.85
LOPSZB2,2026-02-26,18,A-flow,ground_floor,4,4,10.72,1.0,1.0,4.0,0.65,0.85
LOPSZB2,2026-02-26,19,A-flow,ground_floor,16,16,31.36,1.0,0.5,32.0,0.47,0.85
LOPSZB2,2026-02-26,20,A-flow,ground_floor,44,44,86.24,1.0,1.0,44.0,0.47,0.85
LOPSZB2,2026-02-26,22,A-flow,ground_floor,1,1,1.96,1.0,1.0,1.0,0.47,0.85
MAANAR2,2026-02-26,14,A-flow,first_floor,1,20,0.01,20.0,1.0,1.0,0.01,9.87
MELONI2,2026-02-26,15,B-flow,first_floor,73,123,26.42,1.68,1.0,73.0,0.78,0.75
MELONI2,2026-02-26,16,B-flow,first_floor,58,216,49.76,3.72,1.0,58.0,1.86,1.65
MELONI2,2026-02-26,17,B-flow,first_floor,41,43,9.8,1.05,0.75,54.67,0.52,0.46
MELONI2,2026-02-26,18,B-flow,first_floor,40,40,10.0,1.0,1.0,40.0,0.54,0.44
MELONI2,2026-02-26,19,B-flow,first_floor,16,16,3.26,1.0,0.5,32.0,0.44,0.44
MELONI2,2026-02-26,20,B-flow,first_floor,51,245,36.42,4.8,1.0,51.0,1.55,2.13
MELONI2,2026-02-26,21,B-flow,first_floor,49,96,20.17,1.96,0.75,65.33,0.89,0.87
MELONI2,2026-02-26,22,B-flow,first_floor,60,148,44.8,2.47,1.0,60.0,1.62,1.09
MEZHYI2,2026-02-26,14,A-flow,second_floor,7,7,4.58,1.0,1.0,7.0,1.2,0.77
MEZHYI2,2026-02-26,15,A-flow,second_floor,31,35,13.36,1.13,1.0,31.0,0.79,0.87
MEZHYI2,2026-02-26,16,A-flow,second_floor,35,67,45.73,1.91,1.0,35.0,2.4,1.47
MEZHYI2,2026-02-26,17,A-flow,second_floor,95,111,52.11,1.17,0.75,126.67,1.01,0.9
MEZHYI2,2026-02-26,18,A-flow,second_floor,116,116,47.94,1.0,1.0,116.0,0.76,0.77
MEZHYI2,2026-02-26,19,A-flow,second_floor,61,61,25.5,1.0,0.5,122.0,0.77,0.77
MEZHYI2,2026-02-26,20,A-flow,second_floor,64,99,17.13,1.55,1.0,64.0,0.49,1.19
MEZHYI2,2026-02-26,21,A-flow,second_floor,76,91,28.49,1.2,0.75,101.33,0.69,0.92
MEZHYI2,2026-02-26,22,A-flow,second_floor,84,124,52.77,1.48,1.0,84.0,1.15,1.14
MIELNK2,2026-02-26,7,B-flow,first_floor,78,125,34.84,1.6,1.0,78.0,0.97,0.71
MIELNK2,2026-02-26,8,B-flow,first_floor,78,82,24.59,1.05,1.0,78.0,0.68,0.47
MIELNK2,2026-02-26,9,B-flow,first_floor,46,46,79.13,1.0,1.0,46.0,3.73,0.44
MIELNK2,2026-02-26,10,B-flow,first_floor,37,46,54.06,1.24,0.75,49.33,3.17,0.55
MOLENK3,2026-02-26,13,B-flow,first_floor,33,33,21.47,1.0,0.75,44.0,1.41,0.44
MOLENK3,2026-02-26,14,B-flow,first_floor,25,63,6.63,2.52,1.0,25.0,0.57,1.12
MOLENK3,2026-02-26,15,B-flow,first_floor,27,36,8.44,1.33,1.0,27.0,0.68,0.59
MROZIM2,2026-02-26,15,B-flow,second_floor,14,14,18.31,1.0,1.0,14.0,2.18,0.56
MROZIM2,2026-02-26,16,B-flow,second_floor,41,41,23.04,1.0,1.0,41.0,0.94,0.56
MROZIM2,2026-02-26,17,B-flow,second_floor,43,51,25.59,1.19,0.75,57.33,0.99,0.67
MROZIM2,2026-02-26,18,B-flow,second_floor,48,62,21.0,1.29,1.0,48.0,0.73,0.73
MUSIIM2,2026-02-26,7,A-flow,ground_floor,64,64,125.44,1.0,1.0,64.0,0.47,0.85
MUSIIM2,2026-02-26,8,A-flow,ground_floor,49,49,97.98,1.0,1.0,49.0,0.48,0.85
MUSIIM2,2026-02-26,9,A-flow,ground_floor,6,6,14.77,1.0,1.0,6.0,0.59,0.85
MUSIIM2,2026-02-26,10,A-flow,ground_floor,40,40,61.39,1.0,0.75,53.33,0.37,0.85
MUSIIM2,2026-02-26,12,A-flow,ground_floor,31,31,66.12,1.0,1.0,31.0,0.51,0.85
MUSIIM2,2026-02-26,13,A-flow,ground_floor,16,16,35.26,1.0,0.75,21.33,0.53,0.85
MUSIIM2,2026-02-26,14,A-flow,ground_floor,55,55,85.31,1.0,1.0,55.0,0.37,0.85
MUSIIM2,2026-02-26,15,A-flow,ground_floor,2,2,3.1,1.0,1.0,2.0,0.37,0.85
NAGYK2,2026-02-26,8,B-flow,second_floor,3,3,1.0,1.0,1.0,3.0,0.56,0.56
NAGYK2,2026-02-26,9,B-flow,second_floor,8,8,2.97,1.0,1.0,8.0,0.62,0.56
NAGYK2,2026-02-26,10,B-flow,second_floor,5,5,1.69,1.0,0.38,13.33,0.56,0.56
NAGYK2,2026-02-26,10,unknown_flow,second_floor,2,2,0.71,1.0,0.38,5.33,0.6,0.65
NAGYK2,2026-02-26,11,B-flow,second_floor,11,25,5.03,2.27,0.5,22.0,0.76,1.28
NAGYK2,2026-02-26,12,B-flow,second_floor,4,4,1.51,1.0,1.0,4.0,0.63,0.56
NAGYK2,2026-02-26,13,B-flow,second_floor,2,2,0.56,1.0,0.75,2.67,0.46,0.56
NAGYK2,2026-02-26,14,B-flow,second_floor,3,3,0.75,1.0,1.0,3.0,0.42,0.56
NAGYK2,2026-02-26,15,B-flow,second_floor,5,5,1.34,1.0,1.0,5.0,0.45,0.56
NAGYK2,2026-02-26,16,B-flow,second_floor,5,5,1.09,1.0,1.0,5.0,0.36,0.56
NOVODP2,2026-02-26,18,B-flow,ground_floor,1,1,0.83,1.0,1.0,1.0,0.52,0.85
NOVODP2,2026-02-26,20,B-flow,ground_floor,1,1,0.62,1.0,1.0,1.0,0.39,0.85
NOVODP2,2026-02-26,21,B-flow,ground_floor,10,10,2.03,1.0,0.75,13.33,0.13,0.85
NOVODP2,2026-02-26,22,B-flow,ground_floor,73,73,20.71,1.0,0.5,146.0,0.18,0.85
NOVODP2,2026-02-26,22,unknown_flow,ground_floor,7,7,1.46,1.0,0.5,14.0,0.18,0.87
ODINTY2,2026-02-26,14,A-flow,second_floor,8,8,21.57,1.0,1.0,8.0,4.96,0.77
ODINTY2,2026-02-26,15,A-flow,second_floor,32,54,35.7,1.69,1.0,32.0,2.05,1.3
ODINTY2,2026-02-26,16,A-flow,second_floor,81,84,53.25,1.04,1.0,81.0,1.21,0.8
ODINTY2,2026-02-26,17,A-flow,second_floor,6,6,2.68,1.0,0.75,8.0,0.82,0.77
ODINTY2,2026-02-26,18,A-flow,second_floor,205,209,76.55,1.02,1.0,205.0,0.69,0.78
ODINTY2,2026-02-26,19,A-flow,second_floor,96,96,30.89,1.0,0.5,192.0,0.59,0.77
ODINTY2,2026-02-26,20,A-flow,second_floor,57,57,5.26,1.0,1.0,57.0,0.17,0.77
ODINTY2,2026-02-26,21,A-flow,second_floor,124,205,56.32,1.65,0.75,165.33,0.83,1.27
ODINTY2,2026-02-26,22,A-flow,second_floor,58,179,43.52,3.09,1.0,58.0,1.38,2.38
OFFERR2,2026-02-26,7,B-flow,second_floor,62,339,147.49,5.47,1.0,62.0,3.96,3.08
OFFERR2,2026-02-26,8,B-flow,second_floor,3,30,14.16,10.0,1.0,3.0,7.87,5.64
OFFERR2,2026-02-26,9,B-flow,ground_floor,21,21,66.0,1.0,0.5,42.0,1.96,0.85
OFFERR2,2026-02-26,9,B-flow,second_floor,54,58,31.29,1.07,0.5,108.0,0.97,0.61
OFFERR2,2026-02-26,10,B-flow,ground_floor,4,4,4.81,1.0,0.75,5.33,0.75,0.85
OFFERR2,2026-02-26,11,B-flow,ground_floor,53,53,98.57,1.0,0.5,106.0,1.16,0.85
OFFERR2,2026-02-26,12,B-flow,ground_floor,40,40,10.64,1.0,1.0,40.0,0.17,0.85
OFFERR2,2026-02-26,13,B-flow,ground_floor,16,16,16.58,1.0,0.75,21.33,0.65,0.85
OFFERR2,2026-02-26,14,B-flow,ground_floor,46,50,54.36,1.09,1.0,46.0,0.74,0.92
OFFERR2,2026-02-26,15,B-flow,ground_floor,66,96,49.62,1.45,1.0,66.0,0.47,1.23
OFFERR2,2026-02-26,16,B-flow,ground_floor,23,23,4.98,1.0,1.0,23.0,0.14,0.85
OLGUIB2,2026-02-26,14,A-flow,first_floor,21,40,20.37,1.9,1.0,21.0,0.71,0.94
OLGUIB2,2026-02-26,15,A-flow,first_floor,16,16,25.87,1.0,0.5,32.0,1.19,0.49
OLGUIB2,2026-02-26,15,B-flow,first_floor,4,4,1.1,1.0,0.5,8.0,0.59,0.44
OLGUIB2,2026-02-26,16,B-flow,second_floor,3,3,0.86,1.0,1.0,3.0,0.48,0.56
OLGUIB2,2026-02-26,17,B-flow,second_floor,14,14,5.25,1.0,0.38,37.33,0.62,0.56
OLGUIB2,2026-02-26,17,unknown_flow,second_floor,1,1,1.33,1.0,0.38,2.67,2.25,0.65
OLGUIB2,2026-02-26,18,B-flow,second_floor,17,17,6.34,1.0,0.5,34.0,0.62,0.56
OLGUIB2,2026-02-26,18,unknown_flow,second_floor,1,1,0.26,1.0,0.5,2.0,0.44,0.65
OLGUIB2,2026-02-26,19,B-flow,second_floor,3,3,1.07,1.0,0.5,6.0,0.59,0.56
OLGUIB2,2026-02-26,20,B-flow,second_floor,11,19,7.04,1.73,0.5,22.0,1.07,0.97
OLGUIB2,2026-02-26,20,unknown_flow,second_floor,1,1,0.36,1.0,0.5,2.0,0.6,0.65
OLGUIB2,2026-02-26,21,B-flow,first_floor,25,25,6.52,1.0,0.38,66.67,0.56,0.44
OLGUIB2,2026-02-26,21,unknown_flow,first_floor,1,1,0.29,1.0,0.38,2.67,0.44,0.1
OLGUIB2,2026-02-26,22,A-flow,first_floor,15,67,21.87,4.47,0.33,45.0,1.07,2.2
OLGUIB2,2026-02-26,22,B-flow,first_floor,3,3,0.59,1.0,0.33,9.0,0.42,0.44
OLGUIB2,2026-02-26,22,unknown_flow,first_floor,5,43,3.59,8.6,0.33,15.0,1.08,0.87
OUSTAK2,2026-02-26,15,B-flow,ground_floor,34,34,46.72,1.0,1.0,34.0,0.86,0.85
PAPADA4,2026-02-26,15,B-flow,second_floor,74,78,22.9,1.05,1.0,74.0,0.52,0.59
PAPADA4,2026-02-26,16,B-flow,second_floor,75,85,34.87,1.13,1.0,75.0,0.77,0.64
PAPADA4,2026-02-26,17,B-flow,second_floor,68,68,20.36,1.0,0.75,90.67,0.5,0.56
PAPADA4,2026-02-26,18,B-flow,second_floor,63,117,39.04,1.86,1.0,63.0,1.03,1.05
PAPADA4,2026-02-26,19,B-flow,second_floor,21,21,6.43,1.0,0.5,42.0,0.51,0.56
PAPADA4,2026-02-26,20,A-flow,first_floor,26,37,35.59,1.42,0.5,52.0,1.01,0.7
PAPADA4,2026-02-26,20,B-flow,second_floor,25,33,29.88,1.32,0.5,50.0,1.99,0.74
PAPADA4,2026-02-26,21,A-flow,first_floor,16,27,50.2,1.69,0.75,21.33,2.31,0.83
PAPADA4,2026-02-26,22,A-flow,first_floor,21,21,33.22,1.0,0.5,42.0,1.16,0.49
PAPADA4,2026-02-26,22,B-flow,first_floor,7,7,2.68,1.0,0.5,14.0,0.83,0.44
PAPADA4,2026-02-26,23,A-flow,first_floor,4,4,11.83,1.0,1.0,4.0,2.18,0.49
PAPADV3,2026-02-26,9,B-flow,ground_floor,1,1,1.15,1.0,1.0,1.0,0.72,0.85
PARTYA2,2026-02-26,8,B-flow,ground_floor,3,3,3.76,1.0,1.0,3.0,0.78,0.85
PARTYA2,2026-02-26,9,B-flow,ground_floor,3,3,4.35,1.0,1.0,3.0,0.91,0.85
PARTYA2,2026-02-26,10,A-flow,ground_floor,2,2,1.39,1.0,0.75,2.67,0.17,0.85
PARTYA2,2026-02-26,11,B-flow,ground_floor,2,2,0.4,1.0,0.5,4.0,0.12,0.85
PARTYA2,2026-02-26,12,B-flow,ground_floor,6,6,6.29,1.0,1.0,6.0,0.65,0.85
PARTYA2,2026-02-26,14,unknown_flow,first_floor,2,2,1.06,1.0,1.0,2.0,0.8,0.1
PASCUJ13,2026-02-26,7,A-flow,ground_floor,48,48,94.08,1.0,1.0,48.0,0.47,0.85
PASCUJ13,2026-02-26,8,A-flow,ground_floor,48,48,94.08,1.0,1.0,48.0,0.47,0.85
PASCUJ13,2026-02-26,9,A-flow,ground_floor,32,32,62.72,1.0,1.0,32.0,0.47,0.85
PASCUJ13,2026-02-26,10,A-flow,ground_floor,64,64,125.44,1.0,0.75,85.33,0.47,0.85
PASCUJ13,2026-02-26,11,A-flow,ground_floor,32,32,62.72,1.0,0.5,64.0,0.47,0.85
PASCUJ13,2026-02-26,12,A-flow,ground_floor,96,96,188.16,1.0,1.0,96.0,0.47,0.85
PASCUJ13,2026-02-26,13,A-flow,ground_floor,32,32,62.72,1.0,0.75,42.67,0.47,0.85
PATSOA2,2026-02-26,8,B-flow,first_floor,3,3,0.95,1.0,1.0,3.0,0.68,0.44
PATSOA2,2026-02-26,13,B-flow,first_floor,4,4,4.61,1.0,0.75,5.33,2.5,0.44
PODLEL2,2026-02-26,7,A-flow,first_floor,5,5,10.88,1.0,1.0,5.0,1.6,0.49
PODLEL2,2026-02-26,8,A-flow,first_floor,5,5,10.88,1.0,1.0,5.0,1.6,0.49
PODLEL2,2026-02-26,10,A-flow,first_floor,2,2,0.79,1.0,0.75,2.67,0.29,0.49
PODLEL2,2026-02-26,12,A-flow,first_floor,1,1,0.13,1.0,1.0,1.0,0.1,0.49
PODLEL2,2026-02-26,13,A-flow,first_floor,2,13,1.41,6.5,0.75,2.67,0.52,3.21
PODLEL2,2026-02-26,14,A-flow,first_floor,2,2,2.57,1.0,1.0,2.0,0.95,0.49
PODLEM2,2026-02-26,7,B-flow,first_floor,86,252,41.9,2.93,1.0,86.0,1.06,1.3
PODLEM2,2026-02-26,11,B-flow,first_floor,27,27,5.22,1.0,0.5,54.0,0.42,0.44
PODLEM2,2026-02-26,12,B-flow,first_floor,90,98,26.76,1.09,1.0,90.0,0.64,0.48
PODLEM2,2026-02-26,13,B-flow,first_floor,75,101,34.82,1.35,0.38,200.0,1.01,0.6
PODLEM2,2026-02-26,13,unknown_flow,first_floor,1,1,0.29,1.0,0.38,2.67,0.44,0.1
PODLEM2,2026-02-26,14,B-flow,first_floor,82,154,51.01,1.88,1.0,82.0,1.35,0.83
PODLEM2,2026-02-26,15,B-flow,first_floor,24,24,10.43,1.0,1.0,24.0,0.94,0.44
POLOSN2,2026-02-26,15,A-flow,first_floor,4,4,7.75,1.0,1.0,4.0,1.43,0.49
PREDAA2,2026-02-26,16,B-flow,first_floor,13,78,6.36,6.0,1.0,13.0,1.06,2.66
PREDAA2,2026-02-26,17,B-flow,first_floor,31,31,9.2,1.0,0.75,41.33,0.64,0.44
PROMIP2,2026-02-26,15,A-flow,first_floor,12,12,36.14,1.0,1.0,12.0,2.22,0.49
PROMIP2,2026-02-26,16,A-flow,first_floor,17,22,41.53,1.29,1.0,17.0,1.8,0.64
PROMIP2,2026-02-26,17,A-flow,first_floor,27,35,57.41,1.3,0.75,36.0,1.57,0.64
PROMIP2,2026-02-26,18,A-flow,first_floor,9,64,12.9,7.11,1.0,9.0,1.06,3.51
PROMIP2,2026-02-26,19,A-flow,first_floor,15,15,23.6,1.0,0.5,30.0,1.16,0.49
PROMIP2,2026-02-26,20,A-flow,first_floor,8,8,13.44,1.0,1.0,8.0,1.24,0.49
PROMIP2,2026-02-26,21,A-flow,first_floor,3,3,3.9,1.0,0.75,4.0,0.96,0.49
RAPANA3,2026-02-26,16,B-flow,first_floor,33,88,12.82,2.67,1.0,33.0,0.84,1.18
RAPANA3,2026-02-26,17,B-flow,first_floor,48,105,16.47,2.19,0.75,64.0,0.74,0.97
RAPANA3,2026-02-26,18,B-flow,first_floor,36,36,22.66,1.0,1.0,36.0,1.36,0.44
RAPANA3,2026-02-26,19,B-flow,first_floor,5,5,7.46,1.0,0.5,10.0,3.23,0.44
RAPANA3,2026-02-26,20,B-flow,first_floor,61,183,48.94,3.0,1.0,61.0,1.74,1.33
RAPANA3,2026-02-26,21,B-flow,first_floor,26,67,11.07,2.58,0.75,34.67,0.92,1.14
RAPANA3,2026-02-26,22,B-flow,first_floor,60,234,34.98,3.9,1.0,60.0,1.26,1.73
RAPANA3,2026-02-26,23,B-flow,first_floor,6,44,3.39,7.33,1.0,6.0,1.22,3.25
SAUSYK2,2026-02-26,15,B-flow,first_floor,22,22,9.21,1.0,1.0,22.0,0.91,0.44
SAUSYK2,2026-02-26,17,B-flow,first_floor,16,16,6.43,1.0,0.75,21.33,0.87,0.44
SAUSYK2,2026-02-26,20,B-flow,first_floor,111,111,46.15,1.0,1.0,111.0,0.9,0.44
SAUSYK2,2026-02-26,21,B-flow,first_floor,5,5,2.11,1.0,0.75,6.67,0.92,0.44
SHCHEV3,2026-02-26,7,B-flow,second_floor,55,204,56.46,3.71,1.0,55.0,1.71,2.09
SHCHEV3,2026-02-26,8,B-flow,second_floor,63,75,50.23,1.19,1.0,63.0,1.33,0.67
SHCHEV3,2026-02-26,9,B-flow,second_floor,45,124,28.3,2.76,1.0,45.0,1.05,1.55
SHCHEV3,2026-02-26,10,B-flow,second_floor,120,144,78.5,1.2,0.75,160.0,1.09,0.68
SHCHEV3,2026-02-26,11,B-flow,second_floor,60,91,34.86,1.52,0.5,120.0,0.97,0.86
SHCHEV3,2026-02-26,12,B-flow,second_floor,62,191,38.97,3.08,1.0,62.0,1.05,1.74
SHCHEV3,2026-02-26,13,B-flow,second_floor,38,116,45.17,3.05,0.75,50.67,1.98,1.72
SHCHEV3,2026-02-26,14,B-flow,first_floor,1,1,0.87,1.0,0.5,2.0,1.89,0.44
SHCHEV3,2026-02-26,14,B-flow,second_floor,55,91,28.81,1.65,0.5,110.0,0.87,0.93
SHCHEV3,2026-02-26,15,B-flow,second_floor,35,63,32.29,1.8,1.0,35.0,1.54,1.01
SHCHEV3,2026-02-26,16,B-flow,second_floor,40,67,20.37,1.68,1.0,40.0,0.85,0.94
SHYDLL2,2026-02-26,14,B-flow,first_floor,4,4,0.73,1.0,1.0,4.0,0.4,0.44
SHYDLL2,2026-02-26,15,B-flow,first_floor,78,78,21.36,1.0,1.0,78.0,0.59,0.44
SHYDLL2,2026-02-26,16,B-flow,first_floor,72,174,25.07,2.42,1.0,72.0,0.75,1.07
SHYDLL2,2026-02-26,17,B-flow,first_floor,39,81,25.16,2.08,0.75,52.0,1.4,0.92
SHYDLL2,2026-02-26,20,B-flow,first_floor,109,457,54.78,4.19,1.0,109.0,1.09,1.86
SHYDLL2,2026-02-26,21,B-flow,first_floor,36,40,8.47,1.11,0.75,48.0,0.51,0.49
SOROKJ3,2026-02-26,15,B-flow,first_floor,25,67,26.0,2.68,1.0,25.0,2.25,1.19
SOROKJ3,2026-02-26,16,B-flow,first_floor,29,135,21.48,4.66,1.0,29.0,1.6,2.06
SOROKJ3,2026-02-26,17,B-flow,first_floor,76,76,17.14,1.0,0.75,101.33,0.49,0.44
STUBRG2,2026-02-26,14,B-flow,ground_floor,1,1,3.45,1.0,0.5,2.0,2.15,0.85
STUBRG2,2026-02-26,14,unknown_flow,ground_floor,2,2,2.56,1.0,0.5,4.0,1.08,0.87
STUBRG2,2026-02-26,15,B-flow,ground_floor,5,5,9.61,1.0,0.5,10.0,1.2,0.85
STUBRG2,2026-02-26,15,unknown_flow,ground_floor,5,5,1.9,1.0,0.5,10.0,0.32,0.87
STUBRG2,2026-02-26,16,A-flow,ground_floor,1,1,15.44,1.0,0.5,2.0,3.72,0.85
STUBRG2,2026-02-26,16,unknown_flow,first_floor,3,3,0.54,1.0,0.5,6.0,0.27,0.1
STUBRG2,2026-02-26,17,A-flow,ground_floor,11,11,17.3,1.0,0.25,44.0,0.38,0.85
STUBRG2,2026-02-26,17,B-flow,ground_floor,16,16,13.67,1.0,0.25,64.0,0.53,0.85
STUBRG2,2026-02-26,17,unknown_flow,ground_floor,5,5,14.2,1.0,0.25,20.0,2.4,0.87
STUBRG2,2026-02-26,18,A-flow,ground_floor,1,2,21.54,2.0,0.5,2.0,5.18,1.71
STUBRG2,2026-02-26,18,B-flow,ground_floor,5,5,4.45,1.0,0.5,10.0,0.56,0.85
STUBRG2,2026-02-26,19,B-flow,ground_floor,2,2,4.73,1.0,0.5,4.0,1.48,0.85
STUBRG2,2026-02-26,20,B-flow,ground_floor,6,6,6.84,1.0,0.5,12.0,0.71,0.85
STUBRG2,2026-02-26,20,unknown_flow,ground_floor,2,2,2.96,1.0,0.5,4.0,1.25,0.87
STUBRG2,2026-02-26,21,B-flow,ground_floor,11,11,13.47,1.0,0.75,14.67,0.76,0.85
STUBRG2,2026-02-26,22,B-flow,ground_floor,1,1,1.15,1.0,0.5,2.0,0.72,0.85
STUBRG2,2026-02-26,22,unknown_flow,ground_floor,1,1,0.83,1.0,0.5,2.0,0.7,0.87
SVETIJ2,2026-02-26,7,B-flow,ground_floor,48,56,57.22,1.17,1.0,48.0,0.74,0.99
SVETIJ2,2026-02-26,8,B-flow,ground_floor,38,38,56.53,1.0,1.0,38.0,0.93,0.85
SVETIJ2,2026-02-26,9,B-flow,ground_floor,40,40,53.89,1.0,1.0,40.0,0.84,0.85
SVETIJ2,2026-02-26,10,B-flow,ground_floor,20,28,9.51,1.4,0.75,26.67,0.3,1.18
SVETIJ2,2026-02-26,11,B-flow,ground_floor,14,14,59.68,1.0,0.5,28.0,2.66,0.85
SVETIJ2,2026-02-26,12,B-flow,ground_floor,3,3,2.85,1.0,1.0,3.0,0.59,0.85
SVETIJ2,2026-02-26,13,B-flow,ground_floor,8,8,5.31,1.0,0.75,10.67,0.41,0.85
SVETIJ2,2026-02-26,14,B-flow,ground_floor,70,70,121.11,1.0,1.0,70.0,1.08,0.85
SVETIJ2,2026-02-26,15,B-flow,ground_floor,39,39,192.92,1.0,1.0,39.0,3.09,0.85
SZABOI2,2026-02-26,16,B-flow,second_floor,31,90,29.32,2.9,1.0,31.0,1.58,1.64
SZABOI2,2026-02-26,17,B-flow,second_floor,12,21,3.73,1.75,0.75,16.0,0.52,0.99
SZABOI2,2026-02-26,18,B-flow,second_floor,71,71,21.68,1.0,1.0,71.0,0.51,0.56
SZABOI2,2026-02-26,19,B-flow,second_floor,53,53,23.88,1.0,0.5,106.0,0.75,0.56
SZELWJ2,2026-02-26,7,A-flow,ground_floor,10,10,19.6,1.0,1.0,10.0,0.47,0.85
SZELWJ2,2026-02-26,8,A-flow,ground_floor,17,17,88.0,1.0,1.0,17.0,1.25,0.85
SZELWJ2,2026-02-26,9,A-flow,ground_floor,8,8,13.65,1.0,1.0,8.0,0.41,0.85
SZELWJ2,2026-02-26,10,A-flow,ground_floor,19,19,37.02,1.0,0.75,25.33,0.47,0.85
SZELWJ2,2026-02-26,11,A-flow,ground_floor,16,16,31.36,1.0,0.5,32.0,0.47,0.85
SZELWJ2,2026-02-26,12,A-flow,ground_floor,20,20,194.46,1.0,1.0,20.0,2.34,0.85
SZELWJ2,2026-02-26,13,A-flow,ground_floor,9,13,627.11,1.44,0.75,12.0,16.77,1.23
SZELWJ2,2026-02-26,14,A-flow,ground_floor,13,26,337.46,2.0,0.5,26.0,6.25,1.71
SZELWJ2,2026-02-26,14,B-flow,ground_floor,2,2,7.72,1.0,0.5,4.0,2.41,0.85
SZELWJ2,2026-02-26,15,A-flow,ground_floor,4,8,114.88,2.0,1.0,4.0,6.91,1.71
TAMALG2,2026-02-26,14,B-flow,ground_floor,41,41,55.98,1.0,1.0,41.0,0.85,0.85
TAVERJ13,2026-02-26,7,B-flow,first_floor,70,306,48.38,4.37,1.0,70.0,1.5,1.94
TAVERJ13,2026-02-26,8,B-flow,first_floor,62,62,15.32,1.0,1.0,62.0,0.54,0.44
TOMASA13,2026-02-26,8,A-flow,ground_floor,1,1,0.84,1.0,1.0,1.0,0.2,0.85
TOMASA13,2026-02-26,10,A-flow,ground_floor,18,18,48.08,1.0,0.75,24.0,0.64,0.85
TOMASA13,2026-02-26,12,A-flow,ground_floor,4,4,9.57,1.0,1.0,4.0,0.58,0.85
TOMASA13,2026-02-26,13,A-flow,ground_floor,5,37,6.1,7.4,0.75,6.67,0.29,6.32
TOMASA13,2026-02-26,14,A-flow,ground_floor,19,27,29.17,1.42,1.0,19.0,0.37,1.21
TORCHD2,2026-02-26,7,B-flow,first_floor,91,91,37.27,1.0,1.0,91.0,0.89,0.44
TORCHD2,2026-02-26,8,B-flow,first_floor,65,65,26.37,1.0,1.0,65.0,0.88,0.44
TORCHD2,2026-02-26,9,B-flow,first_floor,33,60,9.44,1.82,1.0,33.0,0.62,0.81
TORCHD2,2026-02-26,10,B-flow,first_floor,77,305,24.05,3.96,0.75,102.67,0.68,1.76
TORCHD2,2026-02-26,11,B-flow,first_floor,23,23,6.51,1.0,0.5,46.0,0.61,0.44
TORCHD2,2026-02-26,12,B-flow,first_floor,102,102,33.22,1.0,1.0,102.0,0.71,0.44
TORCHD2,2026-02-26,13,B-flow,first_floor,27,52,12.27,1.93,0.75,36.0,0.98,0.85
TORCHD2,2026-02-26,14,B-flow,first_floor,88,88,36.24,1.0,1.0,88.0,0.89,0.44
TORCHD2,2026-02-26,15,B-flow,first_floor,23,32,14.43,1.39,1.0,23.0,1.36,0.62
TORCHD2,2026-02-26,16,B-flow,first_floor,50,170,24.3,3.4,1.0,50.0,1.05,1.51
TORCHD2,2026-02-26,17,B-flow,first_floor,24,24,9.82,1.0,0.75,32.0,0.89,0.44
TSIRGC2,2026-02-26,8,B-flow,first_floor,8,8,10.01,1.0,1.0,8.0,2.71,0.44
TSIRGC2,2026-02-26,9,B-flow,first_floor,7,7,1.59,1.0,1.0,7.0,0.49,0.44
TYMOSA5,2026-02-26,7,B-flow,ground_floor,46,156,76.29,3.39,1.0,46.0,1.04,2.87
TYMOSA5,2026-02-26,8,B-flow,ground_floor,80,80,51.03,1.0,1.0,80.0,0.4,0.85
TYMOSA5,2026-02-26,9,B-flow,ground_floor,2,2,2.1,1.0,1.0,2.0,0.66,0.85
TYMOSA5,2026-02-26,10,B-flow,ground_floor,15,15,19.11,1.0,0.75,20.0,0.8,0.85
TYMOSA5,2026-02-26,11,B-flow,ground_floor,41,97,27.7,2.37,0.5,82.0,0.42,2.0
TYMOSA5,2026-02-26,12,B-flow,ground_floor,35,35,77.51,1.0,1.0,35.0,1.38,0.85
TYMOSA5,2026-02-26,13,B-flow,ground_floor,44,44,43.89,1.0,0.75,58.67,0.62,0.85
TYMOSA5,2026-02-26,14,B-flow,ground_floor,19,19,30.86,1.0,1.0,19.0,1.01,0.85
TYMOSA5,2026-02-26,15,B-flow,ground_floor,23,23,35.91,1.0,1.0,23.0,0.97,0.85
URSACD2,2026-02-26,15,B-flow,second_floor,14,14,5.81,1.0,1.0,14.0,0.69,0.56
URSACD2,2026-02-26,16,B-flow,second_floor,39,74,33.36,1.9,1.0,39.0,1.43,1.07
URSACD2,2026-02-26,17,B-flow,second_floor,72,72,25.65,1.0,0.75,96.0,0.59,0.56
URSACD2,2026-02-26,18,B-flow,second_floor,55,78,12.8,1.42,1.0,55.0,0.39,0.8
URSACD2,2026-02-26,19,B-flow,second_floor,5,5,1.2,1.0,0.5,10.0,0.4,0.56
VAHERL2,2026-02-26,15,B-flow,second_floor,32,32,22.15,1.0,1.0,32.0,1.15,0.56
VAHERL2,2026-02-26,16,B-flow,second_floor,96,126,37.93,1.31,1.0,96.0,0.66,0.74
VAHERL2,2026-02-26,17,B-flow,second_floor,58,78,18.1,1.34,0.75,77.33,0.52,0.76
VAHERL2,2026-02-26,18,B-flow,second_floor,47,49,20.08,1.04,0.5,94.0,0.71,0.59
VAHERL2,2026-02-26,18,unknown_flow,second_floor,5,5,0.14,1.0,0.5,10.0,0.05,0.65
VAHERL2,2026-02-26,19,B-flow,second_floor,37,48,10.01,1.3,0.5,74.0,0.45,0.73
VAHERL2,2026-02-26,20,B-flow,second_floor,105,159,55.11,1.51,0.5,210.0,0.87,0.85
VAHERL2,2026-02-26,20,unknown_flow,second_floor,2,2,0.37,1.0,0.5,4.0,0.32,0.65
VAHERL2,2026-02-26,21,B-flow,second_floor,51,107,31.91,2.1,0.75,68.0,1.04,1.18
VAHERL2,2026-02-26,22,B-flow,second_floor,40,132,36.43,3.3,1.0,40.0,1.52,1.86
VAHERV2,2026-02-26,15,B-flow,first_floor,35,35,14.04,1.0,1.0,35.0,0.87,0.44
VAHERV2,2026-02-26,20,B-flow,first_floor,38,107,17.79,2.82,1.0,38.0,1.01,1.25
VAHERV2,2026-02-26,21,B-flow,first_floor,22,22,13.06,1.0,0.75,29.33,1.29,0.44
VAHERV2,2026-02-26,22,B-flow,first_floor,34,34,8.64,1.0,1.0,34.0,0.55,0.44
VAVDII2,2026-02-26,7,B-flow,second_floor,72,281,109.57,3.9,1.0,72.0,2.54,2.2
VAVDII2,2026-02-26,8,B-flow,second_floor,90,180,41.71,2.0,1.0,90.0,0.77,1.13
VAVDII2,2026-02-26,9,B-flow,second_floor,62,146,46.03,2.35,1.0,62.0,1.24,1.33
VAVDII2,2026-02-26,10,B-flow,second_floor,79,109,48.69,1.38,0.38,210.67,1.03,0.78
VAVDII2,2026-02-26,10,unknown_flow,second_floor,1,1,0.26,1.0,0.38,2.67,0.44,0.65
VAVDII2,2026-02-26,11,B-flow,second_floor,29,87,35.75,3.0,0.25,116.0,2.05,1.69
VAVDII2,2026-02-26,11,unknown_flow,second_floor,1,1,0.36,1.0,0.25,4.0,0.6,0.65
VAVDII2,2026-02-26,12,B-flow,second_floor,87,167,50.42,1.92,1.0,87.0,0.97,1.08
VAVDII2,2026-02-26,13,B-flow,second_floor,77,110,45.71,1.43,0.75,102.67,0.99,0.81
VAVDII2,2026-02-26,14,B-flow,second_floor,66,95,33.61,1.44,1.0,66.0,0.85,0.81
VAVDII2,2026-02-26,15,B-flow,second_floor,44,60,17.46,1.36,1.0,44.0,0.66,0.77
VELEVV2,2026-02-26,7,A-flow,first_floor,1,1,0.8,1.0,0.17,6.0,0.59,0.49
VELEVV2,2026-02-26,7,A-flow,ground_floor,2,2,2.8,1.0,0.17,12.0,0.34,0.85
VELEVV2,2026-02-26,7,A-flow,second_floor,1,1,1.76,1.0,0.17,6.0,3.24,0.77
VELEVV2,2026-02-26,7,B-flow,first_floor,3,3,0.64,1.0,0.17,18.0,0.47,0.44
VELEVV2,2026-02-26,7,B-flow,ground_floor,1,1,1.02,1.0,0.17,6.0,0.64,0.85
VELEVV2,2026-02-26,7,unknown_flow,ground_floor,1,1,1.01,1.0,0.17,6.0,0.85,0.87
VELEVV2,2026-02-26,9,A-flow,first_floor,12,12,22.57,1.0,1.0,12.0,1.38,0.49
VELEVV2,2026-02-26,10,A-flow,first_floor,24,24,49.12,1.0,0.25,96.0,1.51,0.49
VELEVV2,2026-02-26,10,B-flow,first_floor,15,19,5.75,1.27,0.25,60.0,0.83,0.56
VELEVV2,2026-02-26,10,unknown_flow,first_floor,10,23,3.78,2.3,0.25,40.0,0.57,0.23
VELEVV2,2026-02-26,11,A-flow,first_floor,3,3,2.23,1.0,0.17,18.0,0.55,0.49
VELEVV2,2026-02-26,11,B-flow,first_floor,10,20,2.79,2.0,0.17,60.0,0.6,0.89
VELEVV2,2026-02-26,11,unknown_flow,first_floor,5,10,3.07,2.0,0.17,30.0,0.92,0.2
VELEVV2,2026-02-26,14,A-flow,first_floor,4,4,8.71,1.0,1.0,4.0,1.6,0.49
VILKHA2,2026-02-26,9,B-flow,first_floor,15,15,4.6,1.0,1.0,15.0,0.66,0.44
VILKHA2,2026-02-26,10,B-flow,first_floor,37,91,26.66,2.46,0.75,49.33,1.56,1.09
VILKHA2,2026-02-26,11,B-flow,first_floor,54,58,40.41,1.07,0.5,108.0,1.62,0.48
VILKHA2,2026-02-26,12,B-flow,first_floor,13,23,5.68,1.77,1.0,13.0,0.95,0.78
VILKHA2,2026-02-26,13,B-flow,first_floor,59,67,16.83,1.14,0.75,78.67,0.62,0.5
VILKHA2,2026-02-26,14,B-flow,first_floor,14,14,3.41,1.0,1.0,14.0,0.53,0.44
VILKHA2,2026-02-26,15,B-flow,first_floor,17,17,8.4,1.0,1.0,17.0,1.07,0.44
VOICUF2,2026-02-26,7,B-flow,ground_floor,33,33,25.04,1.0,1.0,33.0,0.47,0.85
VOICUF2,2026-02-26,8,B-flow,ground_floor,35,35,39.36,1.0,1.0,35.0,0.7,0.85
VOICUF2,2026-02-26,9,B-flow,ground_floor,36,36,37.55,1.0,1.0,36.0,0.65,0.85
VOICUF2,2026-02-26,10,B-flow,ground_floor,15,15,39.04,1.0,0.75,20.0,1.62,0.85
VOICUF2,2026-02-26,11,B-flow,ground_floor,29,29,20.09,1.0,0.5,58.0,0.43,0.85
VOICUF2,2026-02-26,12,B-flow,ground_floor,36,36,52.82,1.0,1.0,36.0,0.92,0.85
VOICUF2,2026-02-26,13,B-flow,ground_floor,23,23,58.27,1.0,0.75,30.67,1.58,0.85
VOICUF2,2026-02-26,14,B-flow,ground_floor,55,55,54.4,1.0,1.0,55.0,0.62,0.85
VOICUF2,2026-02-26,15,B-flow,ground_floor,15,15,11.66,1.0,1.0,15.0,0.49,0.85
VRIESJ4,2026-02-26,20,B-flow,ground_floor,55,55,32.46,1.0,1.0,55.0,0.37,0.85
VRIESJ4,2026-02-26,21,B-flow,ground_floor,53,57,13.96,1.08,0.75,70.67,0.16,0.91
VRIESJ4,2026-02-26,22,B-flow,ground_floor,53,53,28.42,1.0,1.0,53.0,0.33,0.85
VYSOCV2,2026-02-26,12,B-flow,second_floor,37,41,32.46,1.11,1.0,37.0,1.46,0.62
VYSOCV2,2026-02-26,13,B-flow,second_floor,59,59,16.86,1.0,0.75,78.67,0.48,0.56
VYSOCV2,2026-02-26,14,B-flow,second_floor,21,37,14.23,1.76,1.0,21.0,1.13,0.99
WARCHP2,2026-02-26,17,B-flow,first_floor,25,25,47.75,1.0,0.75,33.33,4.14,0.44
WELLIR1,2026-02-26,12,B-flow,ground_floor,2,2,0.4,1.0,1.0,2.0,0.12,0.85
XDEOREV2,2026-02-26,10,unknown_flow,first_floor,39,595,32.7,15.26,0.25,156.0,1.26,1.55
XDEOREV2,2026-02-26,10,unknown_flow,ground_floor,28,36,32.72,1.29,0.25,112.0,0.99,1.11
XDEOREV2,2026-02-26,10,unknown_flow,second_floor,65,115,37.89,1.77,0.25,260.0,0.99,1.15
ZAMBRM14,2026-02-26,7,A-flow,first_floor,41,41,29.13,1.0,1.0,41.0,0.52,0.49
ZAMBRM14,2026-02-26,8,A-flow,first_floor,31,80,39.58,2.58,1.0,31.0,0.94,1.27
ZAMBRM14,2026-02-26,9,A-flow,first_floor,33,33,52.44,1.0,1.0,33.0,1.17,0.49
ZAMBRM14,2026-02-26,10,A-flow,first_floor,28,28,36.29,1.0,0.75,37.33,0.95,0.49
ZAMBRM14,2026-02-26,11,A-flow,first_floor,12,12,21.65,1.0,0.5,24.0,1.33,0.49
ZAMBRM14,2026-02-26,12,A-flow,first_floor,29,29,48.02,1.0,1.0,29.0,1.22,0.49
ZAMBRM14,2026-02-26,14,A-flow,first_floor,41,41,59.36,1.0,1.0,41.0,1.07,0.49
ZAMBRM14,2026-02-26,15,A-flow,first_floor,4,26,11.34,6.5,1.0,4.0,2.09,3.21
ZINCHY2,2026-02-26,7,B-flow,second_floor,61,119,42.6,1.95,1.0,61.0,1.16,1.1
ZINCHY2,2026-02-26,8,B-flow,second_floor,72,102,38.99,1.42,1.0,72.0,0.9,0.8
ZINCHY2,2026-02-26,9,B-flow,first_floor,42,429,20.73,10.21,1.0,42.0,1.07,4.53
ZINCHY2,2026-02-26,10,B-flow,first_floor,46,151,29.0,3.28,0.75,61.33,1.37,1.45
ZINCHY2,2026-02-26,11,B-flow,first_floor,37,37,9.3,1.0,0.5,74.0,0.54,0.44
ZINCHY2,2026-02-26,12,B-flow,first_floor,68,68,14.86,1.0,1.0,68.0,0.47,0.44
ZINCHY2,2026-02-26,13,B-flow,first_floor,74,82,25.5,1.11,0.75,98.67,0.75,0.49
ZINCHY2,2026-02-26,14,B-flow,first_floor,61,551,27.08,9.03,1.0,61.0,0.96,4.0
ZLATEV3,2026-02-26,15,B-flow,ground_floor,78,97,48.31,1.24,1.0,78.0,0.39,1.05
ZLATEV3,2026-02-26,16,B-flow,ground_floor,102,102,51.39,1.0,1.0,102.0,0.31,0.85
ZLATEV3,2026-02-26,17,B-flow,ground_floor,69,69,71.66,1.0,0.75,92.0,0.65,0.85
ZLATEV3,2026-02-26,18,B-flow,ground_floor,53,53,86.78,1.0,1.0,53.0,1.02,0.85
ZLATEV3,2026-02-26,19,B-flow,ground_floor,1,1,4.24,1.0,0.5,2.0,2.65,0.85
ZLATEV3,2026-02-26,22,B-flow,ground_floor,70,86,130.38,1.23,1.0,70.0,1.16,1.04
ZLATEV3,2026-02-26,23,B-flow,ground_floor,7,7,8.08,1.0,1.0,7.0,0.72,0.85
ZOLOTO2,2026-02-26,17,B-flow,ground_floor,20,20,4.68,1.0,0.75,26.67,0.15,0.85
ZOLOTO2,2026-02-26,18,B-flow,ground_floor,40,44,101.94,1.1,1.0,40.0,1.59,0.93
ZOLOTO2,2026-02-26,20,B-flow,ground_floor,19,19,55.14,1.0,1.0,19.0,1.81,0.85
ZYCHS2,2026-02-26,18,B-flow,ground_floor,1,1,0.25,1.0,1.0,1.0,0.15,0.85
ZYCHS2,2026-02-26,20,B-flow,ground_floor,2,2,2.11,1.0,1.0,2.0,0.66,0.85
